X0,X1,X2,X3
0.1558058607913761,0.23046441240634669,0.04954625549917738,1.34279182735858
0.9777445005637857,-0.22109083157927142,0.9928199845755479,1.786434491381083
0.01923679466697259,0.2628890608463296,-0.5522529591084605,0.46822474385794866
0.02839004745440061,-0.08865470566875505,0.26121144314941386,-0.5402798705416747
-0.2805266226264942,0.128794297559707,-1.0175493902554857,0.22462091892899672
0.27414177108730325,-0.7666016644580702,0.8767850920911202,-1.2416479618723075
-0.365539611850224,0.1776394411943039,-0.6266937117116161,-0.7372373911126691
0.05325486586801004,0.14758316037489155,0.3045889863817216,0.5992109363954071
-0.5756195276327023,0.1631140453874964,-0.5856074918155205,-1.0746722550193621
0.6598526338487883,-0.05570317876257678,1.124033723273691,1.9803622726158028
0.1480057377255441,0.13880256498289192,-0.3096859446675071,0.2502187141404502
0.3738873542177391,0.22905114957363437,0.5847872448075375,1.241981187140457
-0.07064708655465662,0.03737064230254944,0.09413014277033477,-0.335008140085284
-0.33964173773735223,-0.16238741647206711,-0.8741867105474659,-1.4144024692910107
-0.28133096345396613,-0.07469908777374494,-0.12879248769661578,-1.1933109221254778
0.003127932483420826,-0.385245650017816,-0.2835436278686658,-0.8908245186414281
0.4997864933018976,-0.16825291291532846,0.5736016489576639,0.7695289899876687
0.029319474918481886,-0.23508375356811223,0.3379063986043236,0.09633121614981743
-0.10920997841337521,-0.15791944598595042,-0.10752969333776961,0.04999981176628088
0.3105790138892437,0.24350315765819194,0.32297812223458316,1.5900764221553523
0.2773597839327417,-0.3390843649734954,0.35919224972854,-0.22276880301860613
-0.5185330552803,-0.15903328655846607,-0.5351590371919741,-1.0182239052414879
0.14143519116614386,0.24638070304993068,-0.14959807622716545,0.8679343697681422
-0.03415298263177731,-0.23289310997721058,0.839523917348186,-0.6791910825872296
0.05596573527176497,0.869936406502266,0.02792278146766048,1.5953735108756169
0.14561474899766694,-0.4522807939880966,-0.05259306626456417,-1.058389455474645
0.15544025314768092,0.11004125149683318,-0.02250968250988883,0.5507244170054666
-0.005270413681766821,-0.5296925867212879,-0.07406861905968777,-1.6034478405721957
-0.0336319551359198,-0.15283953947322046,0.10272336808331047,-1.0504616375840006
-0.3354430806272216,-0.340589032312104,0.05730489027745944,-1.578337458097775
0.2556292246944677,0.6297399006645359,0.5862179190599,1.755952388162082
-0.16564176137572614,-0.6131544084796114,-0.32321182301006185,-1.283407047341265
0.49810473764610774,0.4228812323749368,0.7913278916424298,2.0216646713962474
-0.04386113364326387,0.4158826240636904,-0.41138096333055624,0.33119654637083284
0.34026762828026547,0.1818388937438319,0.19879013219591035,1.0802098689828847
-0.5298584185522655,0.41586489954442657,-1.0585920553424732,-0.5589126076381501
-0.5725919997356712,0.35747786725849806,-0.4065431074023227,-0.5313943278853918
0.2627501891246426,0.07912097754676856,0.3094303699927251,0.8032577398124384
0.3025823212821111,-0.20293237626046973,0.7597740345930722,0.3968534053987587
-0.17756052815249682,-0.07375812356809698,-0.06711880103431159,-0.1373494022397408
-0.403244367674543,0.4478019646311917,-1.1299131989089153,0.22334529627862598
0.05031899449638045,-0.3382088277653172,-0.3199540289658636,-0.5032022521100974
-0.36094476022902927,-0.2806084178323956,-0.8049327341066672,-1.5143735337394264
-0.3501495768486484,-0.2605600849125666,-0.43486732835133857,-1.3173205558788872
0.21931201499150518,0.027005880474937623,0.17352436088743853,0.9290634382319521
-0.23356311517031997,-0.012891090322336297,-0.14122422998851483,-0.6899528899623708
-0.011203003940672696,0.17750982192689824,0.006857392553648461,0.3535234924416121
-0.19600817187774258,-0.49093388169698243,-0.11605907602027751,-0.9257441370958638
0.27174909408913805,0.1964648626227764,0.3661007417447859,0.885093503454107
0.0780180013209716,0.7282029398503852,0.22324625282652505,1.8967704151488574
0.36396493220220605,0.11615143633755357,0.7137315547663887,1.1170416157416396
-0.21892041095046186,0.026664198585656072,-0.5529879689593877,-0.35872571935055225
-0.15002699834695674,-0.6168951297227359,-0.2570846628986705,-1.8302710706539087
-0.13944062717485817,0.22756629035029802,0.047409282750702664,0.16576404756675808
0.3601462336033974,0.2678431174120343,0.6807538507694707,1.0893806901775087
-0.3022939916432936,-0.48413302190861174,-0.02283204505422376,-1.312371148717229
-0.2074191877424583,-0.05242924273788576,0.13209609535778194,-0.31176171494577054
-0.13730484446867272,0.0627219131012235,-0.5713770805536942,-0.08292270929876722
-0.4518904500981757,0.03590791891950804,-0.4255711336960122,-0.9179328183978333
-0.07445230683252063,0.10975464717891072,-0.43448942082135916,0.2350131537126726
-0.0021211626582508334,0.5501898955907014,-0.07050652329862436,1.2784637886091468
-0.12063712065140578,0.046515166832878985,-0.21250998711312866,-0.48687003838511833
0.1218167708981439,0.4223834557044461,0.3474625097368238,1.0487799175279378
0.05667704386115545,-0.4154809815063098,-0.19449779931656508,-0.5551362050303217
-0.03479762049932014,0.1878830918232189,0.2470238588538058,-0.1519750466604452
0.4920916120063496,-0.12090085087257361,0.9339901587061085,1.3444435020517655
0.29386539158128183,0.5714107328390479,0.9776296005537,1.575639280056048
-0.13266760979261533,0.22849031791180685,0.13893491747704131,0.30897581281808295
0.115741642604309,-0.08689247564341537,-0.24977170439798554,-0.17652860583715577
-0.27063586064687334,-0.23508905678727604,-0.4680422281761268,-0.9241486057484698
0.49530442946161446,0.007699453000178413,1.0237656696449238,1.230591509717218
0.06205587570125059,0.2074652204633041,-0.7704086883691215,0.6550723572347313
0.33433158778798827,-0.39020217074811575,0.424856352561411,0.1293463148591433
0.03890860933123348,0.4822513704232875,0.7696267804883762,1.2374608535781568
0.4105969336353953,0.08751493223136103,0.46921646241482323,1.0446441265511353
-0.1680585608939078,-0.15936942675810625,-0.23628294974851904,-1.0727704970763676
-0.5001026893126158,-0.3271946804899762,-0.8284479853579308,-1.8137967237608374
-0.19561482613398898,0.02759337701889401,-0.10426445577134993,-0.9454450618198893
-0.02633093167308985,-0.3615408445393398,-0.33762755736182565,-0.8237509076736129
-0.1425305506075058,0.08742072205588633,0.04373554934423049,-0.23744709920996226
-0.057492597388769835,-0.23068088969777334,-0.25064210422189254,-0.6927417078061131
-0.24193495159991274,0.024310759773919447,-0.4424764774184505,-0.6743907220386707
-0.015693430306832002,0.20202817756897223,0.26379478907147536,0.8508009098152419
0.15221586232392129,0.2719163255310707,0.36813128856294225,1.1653252482645962
0.2797269848402988,0.12095386624581977,0.5920422372581097,0.8050651424880175
0.2812484362823506,0.22240427359612597,-0.12885796724730658,0.8170757411607632
0.09494591188720934,0.08087199699415475,-0.02170369903692343,0.4960914681922857
0.0351638640723393,0.12247219016785665,-0.21924114843665496,0.19958471097083463
0.07636986189475566,0.05318108497807085,0.1396080428770348,0.4130513209785119
-0.12437455295046411,-0.126250968008355,0.1494515896638285,-0.3670889358736087
0.22232086178800411,0.04191937999152859,0.33300656957958835,0.5168395295200242
-0.38172939381736565,-0.20719113862241442,-0.5522698434544285,-1.4312039944870927
-0.027485354000527873,-0.027734921228824077,-0.2073279155423483,-0.2072588327917947
-0.2834867698141902,0.3922998152206364,-0.38119194163258086,0.13644106653223934
-0.11907563632365567,0.11614824189078912,-0.2736929076968635,-0.389076459972691
-0.3692625315057036,-0.12702457458202757,-0.92834449129035,-0.5665517769247777
-0.09382885915923238,-0.09792990016503385,0.0851311037580523,-0.44505285470864775
-0.24529638955180313,-0.5519171924428352,-0.5557436909204263,-2.112408468601628
-0.008584796388958557,-0.17059695508196557,0.4125605319747058,-0.5426211409310256
-0.13112371050160757,0.08626255802692501,-0.691020245370163,-0.3272487668224865
-0.2589877031911275,0.42677003990550927,0.00881683541257644,0.2691531033662141
-0.015839864974494928,0.31480358891966953,-0.3370917617482081,0.9059194456241094
-0.15274415674746084,-0.007505963908382003,-0.32158334078826917,-0.10261041995376291
0.06461781757769382,-0.2192156924729351,-0.19299854567590702,0.5960041778987971
-0.043282436575604835,0.06346263708201919,0.4708811453694793,0.2479500822598274
0.07269583926489041,-0.48603641812038684,-0.4143297536673807,-1.1034525591712567
-0.030984864161525436,-0.22846010697422856,0.24177771891264835,-0.5660840587248136
-0.3957073004785514,0.12979738154414996,-0.7511210522586029,-0.68968200318383
0.22830527763486308,-0.01992865397214433,0.366488073466649,0.5221182643471202
0.17764834741040375,-0.023288852061847023,0.10438144727436921,-0.02767403532268875
-0.21956360833266325,-0.2735317330969731,-0.4535270674916495,-1.410752178874857
0.1952244722099493,-0.17854110630408362,0.7493252358715883,-0.09962324617366397
-0.33169349287544453,-0.15535102471154216,-0.22980392419949464,-1.4714854957063475
-0.021093534319014895,0.21755936551005856,-0.05597787570381564,0.540889862415435
-0.08912946451937524,0.10905923982468044,-0.2604998825626552,-0.31865723643772814
-0.0442933283431585,0.008153864269326074,-0.48467341847870893,0.20910139538241232
0.4000440231912103,-0.006197467916531356,0.6303281457778068,0.7423905282318
-0.06623910563379792,-0.23660842155438064,0.2897415494305921,-0.9471266634883329
0.43387368140720123,-0.12769979180276886,0.9872690282712477,0.7457956287564458
-0.06814365557741472,0.47247652523597594,-0.5142549212719795,1.185125904247713
0.06765869986212668,0.02193604940890488,0.08625821619612688,0.5015669615237842
-0.12009513469454358,0.46362909890338144,-0.5178442196903114,0.5711463722709511
-0.4660580406828455,0.3765739526459549,-0.5689967758566267,-0.5582989527781177
-0.43283605804046327,-0.39954357942150487,-0.47263592112217284,-1.737171365942437
0.2667306181818611,-0.26893584017897015,0.7605985100411894,-0.2426326553097231
0.26706684138393266,0.6207938525385027,0.462204975281705,2.264160126827068
-0.0587288190027728,-0.5947393243317203,-0.017243027217140855,-1.3515442811300444
0.05580162291176426,-0.09603676975969401,-0.37876615591656987,0.3896880882825422
0.41813904377438826,-0.31682387270749174,0.7138644971114279,-0.15439240741628374
-0.06013739386223853,0.3194349990589496,-0.24600524773033916,0.6866597216272138
-0.7824413845560907,0.3526316979668782,-1.600972567578098,-1.1103484360461113
0.010214726384787222,0.49706593036727376,-0.49209396723254567,0.8544273293688793
0.009016027245708767,0.2936219860585353,0.3173397090302385,0.5433618144042394
0.3505117634540765,-0.23767463729506805,0.26445507532761875,0.3931508075121997
-0.16793151995706582,0.05273998211280297,-0.3352266346402598,-0.5453143596008758
0.37155140125160896,0.280797497270183,0.5608652960022277,1.546912042645857
0.177604013361262,0.09087798279553762,0.6023747988176549,0.48197020803573554
0.09638256544201788,-0.2395350898921657,0.176649890772154,-0.36562088316012575
0.27112353418967944,-0.023934345333448653,0.7813918702827054,0.8266558164782732
-0.14802953484117207,0.04029910853044567,-0.9106030423468465,0.3896778684686424
-0.8233843588714009,-0.24626226093183984,-1.6639322800948413,-1.8412966035146727
0.27030622154250056,-0.10322763655862706,0.2828190260416525,0.24947388983561272
0.16084075467462122,-0.39685309210809155,0.09443641934671662,-0.4640925290003367
-0.5419771306812085,0.12201343882932497,-0.35676722723330023,-1.2808467098245848
0.359832846463677,0.3221954241733632,0.3863030405124763,1.3411111614258664
-0.02323495506405991,-0.11436473145990533,-0.20281461007011065,-0.4529955709632226
0.21669688274006793,-0.0921784087136379,0.29272035601839275,0.6994132262836317
-0.4290338475667173,0.3260455450262796,-0.9978158917049003,0.08170918910592506
0.11321030794724256,0.07383653919614487,0.12595775753237104,0.4416542903297616
0.2000216802423216,-0.15639077369177068,0.4735776803604924,0.5125504270391479
-0.2560245828674288,-0.20614248645704672,-0.48484651653541533,-1.0685129693767172
-0.04404024002436747,0.2046324387025026,-0.8247915041649312,0.2707253523818544
0.12951039973958106,-0.21562084928918665,0.1041321386043986,-0.029135481760251117
-0.11356850603466079,-0.10276194068962856,-0.520797440146979,-0.788410538726595
-0.2577807692533952,0.4143514510353402,-0.3239017889355375,0.13289987735874192
0.0984023492472599,0.11527508753130493,0.5772445327518487,0.6250609329352755
0.32317387518429,-0.4405711598756306,0.9967464882863286,0.08486571153019815
-0.2265507704435992,-0.1427448369145252,-0.5259669572062414,-0.8079706856666344
0.04251061831913177,0.3692746074993562,0.10467912027631676,0.8575153515398379
0.5110630376942601,-0.03197035091736486,0.7948921553070983,0.556825355662744
-0.06173090742148646,0.19553599943247646,-0.867645889743439,0.8635977196478937
0.13268650075339875,0.150592219827974,0.18442572304197943,1.1698967589779703
-0.05612904040593978,0.4893180374553856,-0.1809427773340581,0.4516531384408002
0.3135111899906498,0.0814816478639652,0.36359558064390973,1.061347397037686
-0.08349813017040365,0.032621906390561874,0.15955720270231397,-0.11119330993222235
0.18190548617728897,-0.1910007844557688,0.0834014806831826,0.21095840112043332
-0.03221193333713824,0.12675433118206783,0.41463157836075776,-0.19472901979306606
0.20172080460364009,-0.24046401931402542,0.8170061337733463,-0.5912879956220369
0.2857047694843449,-0.10207483304906759,0.2486874490971025,0.519472210007854
-0.4402675866022882,-0.06298345302754736,-0.3639317853865941,-1.1327233782228516
0.0427475884934749,-0.2765159850493231,0.12907441144287735,-0.10774145260649326
0.03301952393872569,0.014189212707578225,0.09447546615264013,0.23967110625589866
0.29142012303143733,0.13567634882546026,0.42935942867705224,0.1447897563936411
0.18117339343590086,-0.11828058177398361,-0.21214820543011215,0.12226125471413901
0.08299761390257596,-0.022347420740400383,0.0019379223721130157,0.45901657741255675
-0.3738755768733768,0.10869853029609998,-1.028561936573794,-0.773129753695482
-0.20217878616315346,0.5411636676007612,-0.641857457260554,0.6440262046939329
0.1514521542426473,-0.03950447248868051,0.08127182508629471,0.13089842099462945
0.20000652066596403,0.22536544092392247,0.6444043811317661,1.257477541937618
-0.2866400546612625,0.12023111784314718,-0.6900932362487228,-0.679912974447636
0.1794613335465703,0.4390999197930728,-0.4503821257204066,1.5536204438937025
0.04660530680379204,-0.36207835895518287,0.418637576371351,-1.0547463458776367
-0.20897129918484678,0.2904425171697298,-0.12960395624553944,0.08798344751376162
0.3628450128411381,0.2868054478375286,0.6909974103440141,1.8867990749784396
-0.16813984688676795,-0.08527557708062267,-0.5645506099365589,-0.7433762171886379
-0.030538400396852024,-0.22571969940596526,0.29507150323103687,-0.5286421403265099
-0.0955738625574248,-0.15704083623998877,-0.120026695851317,-0.6260376174364388
0.1794866883544099,-0.1299353394939508,0.5930299176680927,0.17791133552628333
0.17839394037045042,0.1868174419449424,0.5320043694940151,0.6648856094502895
0.5677581811799495,0.07451982831363857,1.0743871512782146,1.0090585645209216
0.36746199965960086,0.07373155379444926,0.70344773177746,1.27352196948468
-0.09833688323981522,0.33368116971869666,-0.08379318178046494,1.0205473153091287
-0.3125332413004431,-0.3684601368273033,-0.7689976687052977,-1.2545743900636328
-0.24274500437979962,-0.17135504090278328,-0.13018399022384214,-1.2443515283417892
0.3906112078571983,-0.3399393686763055,1.0155491415040225,0.5369698263654079
-0.17665684079831734,0.344533257593645,-0.01419808133504169,-0.08929229468092414
-0.1664399989802647,0.08102579935179241,-0.7347428012724555,-0.154501959893846
0.37574649863036885,-0.5910645664762982,0.3174447310646768,-0.3177932166220462
0.40757385324203227,-0.3230098871724163,0.6098285523815672,0.4287011950765953
-0.7121672300928064,-0.011654645005050064,-1.4539502053717046,-1.8634111853264523
0.06113591670736327,0.07287038385195502,0.3969367180135945,0.008656128068015023
-0.6375543748762179,0.21285781818736338,-1.1483206941001853,-1.0462628724984822
0.2558293903704442,-0.3602016846783754,0.24688465762306702,-0.22173295591888406
0.08297022170920276,0.9661036208669147,0.3664951739623508,2.0630517135571176
-0.3899540172162261,0.02863030723499005,-0.3868440226857672,-0.7354828421690414
-0.30564106968439747,0.21858318421521264,-1.0129814192651803,-0.16116363435227676
0.2781908689746273,-0.46461281078328537,0.27096319687348425,0.6061462789446768
-0.32768124599386655,-0.24317746660387043,-1.1189039268734475,-1.27316263304869
0.4029261009384786,0.2916600745115512,0.9380865096747223,1.1871279613180128
0.0948599358195769,0.4006213694957512,0.44034793848597087,0.8858237769676414
-0.0027383421452112254,0.39880635749528137,0.20752044727697855,0.29205739808369213
0.004508940145149363,-0.04723597959906705,0.20375899336297112,-0.2354528186525665
0.15717652672649213,-0.13431105556832584,0.1209785753977223,-0.07187223679482224
0.5344641402358757,-0.3670638597801474,1.1313740671234205,0.7161979739120072
-0.7232169387479616,-0.2804940730766024,-1.2977105785660323,-2.2265374457192975
-0.012122581286338424,0.5445239491754904,-0.13107349411932984,1.0762068035144097
0.10882429854641529,-0.01754372320704489,0.1915739710175911,0.16233265876265912
0.2817090515832867,-0.030634475316793707,0.21930835642658122,0.3390583491965791
-0.2043751973918475,0.4195949148750115,-0.395035511883269,0.6563725855677162
0.5190216214690939,-0.5494890025467716,1.1540426433253357,0.22656336365870505
0.19344347202967022,-0.0008521558469564668,0.48650836791825136,-0.13467117971357945
-0.04405564272535618,0.05035838295828078,-0.400524163529406,0.14314301079998434
-0.0669848789815963,-0.4504304314470444,0.4929538923966542,-1.0194435110237667
-0.059350685681809214,-0.02601541300417647,0.1382781123020031,-0.41504737102881495
0.337423556275236,-0.5120695139160282,0.702678721464549,-0.6292471631400678
-0.15476450035906433,0.0014496834588083863,-0.36466401415153943,-0.5637576063494233
0.17943818847679846,-0.584044749369616,0.12294508345239635,-0.6159466115142135
0.5954396903053716,0.2063617577091282,0.9294243246656464,1.7302041876166414
-0.440579634563971,-0.1055221830489011,-0.8475217147238162,-1.5985636046444498
-0.30402138187494615,-0.050075394570337765,-0.09146887365726092,-0.2600430548177547
-0.6126072824812384,0.5964217306652969,-1.04971604911326,-0.6329762569035156
-0.3744625786949654,0.4172937639407052,-1.0566693552808233,-0.029366622426697905
0.1304096306894965,-0.1770555337146222,0.9423114259634217,-0.1714923339297393
-0.13943779634927084,-0.29578692483869506,-0.6046301149537491,-0.7787978539894966
0.12534704520761025,-0.41781843917300077,-0.11817936777640231,-0.7660125060780304
0.4026698226499061,-0.19084043932884107,0.14170706516715437,1.1155835040762652
0.02282351052280744,-0.1438513175891575,-0.08710971437505893,-0.5963703026144342
-0.5935968201911705,0.35368924741300495,-0.898550282669026,-0.35612211663314164
-0.02900298621752498,-0.30059519366402493,-0.01763615851052118,-0.45644341527238186
0.055915652532057825,-0.27577591277390884,0.38299029916455135,-0.7997317270673989
0.638099938215908,-0.6562443812296398,0.7885108037711139,-0.031339674720714555
-0.13512986067989186,-0.42488598252925003,-0.2889130453660316,-1.1914493000792583
0.18568140393272903,-0.17304554979348763,0.025308515652076147,0.14607300493362244
0.012609072542544644,0.14732516303608656,0.14185786679929882,0.4235866636223259
0.09100769652013109,0.4820897670866079,-0.36999457357564275,0.7293280360650612
-0.3505501194614768,-0.14998705201285964,-0.8148830067415536,-0.7353584653777951
-0.3708813789731142,-0.1256295956372227,-0.45874080946354057,-0.9623185066966516
-0.24871663248511652,0.03208037217975307,-0.32526711419209825,-0.57950048216427
-0.5090614024812281,-0.15522020900883915,-0.9151806732464435,-1.5361600572084848
-0.09539809699748879,-0.05209905087707462,-0.2045293959916567,-0.6185997367126348
-0.41805683536270893,0.07740081348119723,-0.538947054637211,-1.2592266985733078
-0.025771097642767957,-0.2881590779429256,0.38061480637263884,-0.3898649539932603
-0.16193899226098002,0.41944712682685953,0.5398943310286826,0.5275635383952331
-0.18658173207231746,0.26565238501666655,-0.09771498153371469,0.07577418801259932
-0.3626861028047086,0.010015396826574242,-0.6866558354183767,-1.0742947738147508
0.47085054235740526,0.1097569330573902,0.793809323239336,1.2718308997787662
-0.0906327119837373,-0.3612050971174761,-0.06201804384242361,-1.0404377086993777
0.6054492451520767,-0.054280432921708366,1.1444255168862376,1.6188127265775862
-0.15292166035872964,0.009025746004708889,0.22756416687888326,-0.2799326004629702
0.13289436751004796,0.4678310712797081,0.05595926344664198,1.6127404951759532
0.287796764671294,0.1316705026855476,0.5533824149762107,0.8359252730611332
0.4838668491556748,0.07384796607238352,0.7872398865515189,1.5807873101823537
0.4350822212455965,0.38519444881582127,1.0381101731234736,2.0282888324687676
0.12990248197974846,-0.6499572522333859,0.3042816741241291,-1.2363395717353596
-0.16684683730606026,-0.4470370054755656,-0.3281798748773411,-1.0557217057672128
0.027313157751469207,-0.11032363720675495,0.5455166778569626,-0.10351808850550069
0.165372342328053,0.5136050174511878,0.3130684193389938,0.856426117015382
-0.2539351411558511,0.17239232738043397,-1.0889315804632083,-0.20446017939407282
-0.1353939225936564,0.1634916214651778,0.0269804498133579,-0.10887136997804493
0.32203932025119586,-0.2963520231583858,0.5972771744854495,0.13807805738113288
-0.4518658890844307,0.26834536054612074,-0.5933852725399176,-0.9166075263704969
0.5489987610199313,-0.30619018619737004,0.42471515806657856,0.48628230033784037
-0.3044622343881438,0.17069461066746336,-0.5748552571462109,-0.2835453693994559
0.6820264807339956,0.15662136907383647,1.166529587859981,2.0823867101715234
0.05106693472459688,0.35822740355260413,0.4744369383417387,1.396203666689729
0.3516777172556533,-0.37213395408691224,0.2980447613115173,-0.265726575863343
0.19194418796673743,0.6436914662689076,-0.03644909356255954,1.4601160277288696
-0.20071626546029145,-0.28018982215477684,-0.31745323942995807,-1.0821700601911057
-0.1669106919573368,-0.07091459932963357,-0.36554565745431233,-1.1624916673884744
0.029014088081751658,0.0832028239820865,-0.21198176380699787,0.6517087806868518
-0.3315604487282905,0.27214980886567947,-0.16922917469256432,0.10166978175942948
0.21002508377995815,-0.017608039758937512,0.011148862285138839,0.5585023262444346
0.05889771140222474,-0.33267457350373114,0.5876724038914711,-0.5218948460385617
0.1875092393353318,-0.007089062163951589,-0.38989276032790326,0.730844096511263
-0.2431563085864826,-0.34847104449299693,-0.5676337926990332,-1.4723013460286034
-0.2548645502038177,-0.18162706708526669,-0.5671112441552506,-0.9546712550631183
-0.6050567358886189,-0.05408736152373467,-0.9756204549340441,-1.5565602967088967
-0.30179693574474326,0.2864887076249096,-0.5063494483828885,0.4312517965581417
-0.2998398818614417,0.5220579554306196,0.21256160419130654,0.39377356281461123
-0.15665480147146374,0.303238483178458,-0.1949716314207693,-0.06150294618048485
0.05379547613596295,0.33615594097698476,0.455392130251545,0.677645507882239
0.32643435366988055,0.48804404976861193,0.729266278147929,1.862045583311823
0.15152120703292724,-0.14984288398627624,0.10811576772386614,0.3356204832332028
-0.02827530148173874,0.17720417829753243,0.09807517881162911,0.8673493978696151
0.1074021081480831,0.22314573245343775,-0.14092540145647062,0.25391064338184993
0.39719254479361565,-0.2823347475324756,0.41697177975606536,0.4456637058132219
-0.6729090241470663,0.3169863561589642,-0.5036596234077511,-1.2874110964548793
-0.22573540630909258,-0.4559723952175003,-0.6172607735866151,-1.2557768888248564
0.06206480530645831,0.1018444312497127,-0.1527036836685782,0.2893434731821223
0.161594569368581,-0.01822124172238226,0.3895501893764606,0.3408374700819674
-0.08376557325400065,0.12559638039006354,-0.315748648598476,-0.2614655329987252
0.045560124129544535,0.16212262372213923,0.206676177019816,0.7389587873660332
0.44888348234612646,-0.06236623614560674,1.038952762366683,1.2377263292303866
0.0017912354352402357,0.10996059879350421,0.06096131387376454,0.1257666599774238
0.04326296049009979,-0.039500152503805855,0.17928444070962596,-0.017720563796702678
0.1170979284320326,-0.3109752051369323,0.1705952323552591,-0.47532555151402917
0.3081579740347838,-0.0989737318707623,0.3520917423552538,0.8957867048960246
-0.40105784698723224,0.4889785216435195,-0.8972503265698446,0.3238923374521372
-0.04431349041591182,-0.18686629115981582,0.05010793925220526,-0.49765538656692265
-0.29238423900675337,-0.1763808929364635,-0.3691809620997025,-1.3435890725548882
0.061592168815552836,-0.019263138160223604,0.0911143122968697,-0.6086357110495622
0.02881007762926434,0.708702190268761,-0.011461687955559005,0.6434364781575534
-0.06428648737945221,-0.03658452971581644,-0.0625968840069929,0.06999773880726207
-0.09045419921285468,0.0660060315794623,-0.36329093451721806,-0.10243039614821975
-0.0833411590300208,-0.015588607363075175,0.08265140296418683,-0.0884132709719985
-0.13932125597299386,0.10025014931889152,-0.17986829287455713,-0.033600465322301085
-0.4891202618687972,0.48161128889988725,-0.8268963123254159,-0.35186709433679864
0.36228714147687424,-0.3168845453521747,0.9466386861741514,-0.2129164058281629
-0.7232420816403127,0.03257281287518051,-1.087088046847238,-1.493747311663542
0.02468482714088962,0.2531004014050383,-0.34638207745467725,0.48239798028562
0.21197667090583933,-0.02540675092742452,0.39371451002080243,0.38866699763503537
-0.13266829627499477,-0.11699096544258011,0.053343524879629345,-0.7242088489144393
0.15864795167776358,0.003373707033186461,0.9151273667006368,-0.14329336773121776
0.17752165259908217,0.4201605343795194,0.34513583178455487,1.508242103201736
-0.014469082294574996,-0.26531329835722195,-0.5401735476378478,-0.44497242141583343
0.535942749004779,-0.2226052900417676,0.9832897723244292,0.5817879849443828
-0.9781106118889288,-0.5606696228186402,-1.4750661382805392,-3.727290492658675
-0.08144191311640608,-0.11219857992735266,0.20622044797982247,-0.5286029727087865
-0.14297397137245058,0.291982619649408,0.05362032239448711,0.6414562031517179
-0.16699618124402446,-0.3711877403039172,0.13463128944641906,-1.148193054032465
0.049627763866137445,-0.33995573313545585,0.017717535163570323,-0.35050991848255497
-0.2739413902627087,0.09466124508337208,-0.6940491338104215,-0.480835304438601
-0.07094655136199791,-0.08156073517257224,0.18632101832775297,-0.8381720230226727
-0.18138850983638274,0.0761964786646898,-0.38449276062973,-0.41075781118007304
0.30165610342238686,-0.1769536383319358,0.6121285354953546,-0.0632414479738021
-0.30500533199910135,-0.45049825078377104,-0.6420307406679422,-1.366830936264793
-0.010755713850897236,-0.17012036198866673,0.17991422758370945,0.13396713207629213
-0.1337099871748494,-0.07629761555843549,-0.8347655411122039,-1.0045739291107196
0.5890074919200747,-0.00398403983728276,1.0829096009677843,1.5843291510302335
-0.030092441233656928,-0.0987925699688972,-0.3648166264320727,-0.19480112955891477
-0.2317401004367554,-0.29102558659535255,-0.44047014459663764,-0.8390410722597776
-0.4176242001999394,-0.531259403871257,-0.7936881257122146,-2.116122352706338
-0.034017057037813624,-0.032603643101873504,-0.380726533591854,-0.3484680840456794
0.2666086890141823,0.7831860833775948,0.5390569003818289,2.0869713601114577
0.1892533370632144,-0.32939351261125366,0.4725097487359612,0.032933607751046756
-0.053397859672126215,0.5726041260349068,0.17840975480061844,0.9509279770071755
0.14428328196513426,0.5465623830603815,0.1589608069660709,1.9801150813772326
0.2986249267664695,0.08742008122652288,0.9298373526373063,0.8301550310345447
0.10302221907566811,-0.22572787334408562,-0.21556967977237457,-0.3571981868977963
0.12451993251820362,0.35377439381837744,0.4305481597638901,1.0808046560206366
0.32564450485783786,0.16087878171510847,0.5383852909578429,1.5631593917231008
-0.058661109450508196,0.03499060583233975,-0.041911578219194084,-0.3928770165967143
-0.2964722228698087,0.0724278273355561,-0.2614859392238425,-0.9726278112101928
0.13541951564055665,0.2971986969730214,0.05156612424424595,1.0031884873094388
0.38092578808566496,0.9848659781792976,0.833269987533013,2.7830357483820047
-0.5838431123751479,0.06415831985413155,-1.0103634195043867,-1.3058730300593508
-0.34589403449656764,0.3077679602477635,-0.7505997544262012,0.34669438412637943
0.4365162176901443,-0.277953915477596,0.35058469874500625,0.47365636561474206
0.09772518747461577,0.04790650040272803,0.2631020567343466,0.5132472917868676
0.2575246844738412,-0.43961034432973967,0.18476470391125044,-0.3030142697833112
0.4280725106859938,0.09647654577898684,1.2005620595609328,1.4289589805261167
-0.2749747103132772,0.45201606164796326,-0.5375865858137598,0.2737109949406716
0.061272215448633156,-0.1427693916630103,-0.13829691279502737,-0.631735184179921
-0.03743957989248852,-0.20950334715419852,-0.08688882521762442,-0.22407878994426195
-0.03821905337276817,-0.08373407077450766,0.18920955063627182,-0.2788145376518851
0.07459598323054398,0.22386227492133792,0.5233774846722581,0.7954570860715349
0.2349029247917086,0.2581103064928835,0.8507437803173556,1.0101781079132837
-0.09865350698360224,-0.28558973513920216,-0.4150846934350032,-0.5908340483457287
0.23240193916320506,0.26897050967686026,0.14298144926940592,0.9439295841890583
-0.1265893878177661,0.14201763123012354,0.46020591960505813,0.06265835824547022
0.23450181259075065,0.17417080943942873,-0.2427550599035137,0.9441678618388257
0.00829904582301976,0.09890188335942737,-0.355374251200378,0.40036512968566085
-0.07597555119351412,-0.3587490362313441,-0.2521151345588291,-0.9360688711116815
-0.33267648921800075,0.4429796378543007,-0.3312710239563845,0.4483519274032237
0.0637250318724392,0.15478023032785376,0.4720316190629117,0.4371508135984025
0.12799869561112864,0.31713109583471105,0.29808999692143984,1.6104961369211495
-0.7909682625792662,0.11608661486626129,-1.6117443739738504,-1.3848103071838662
0.26973357990498936,0.14143640395973353,0.8492782506619916,0.8122321714099692
-0.07727667381604619,-0.3007889202183242,-0.13058632618501193,-1.1925217272567932
-0.42959772173128596,0.36208676700868203,-0.7896100903773167,-0.5106139533808267
0.0852413376557333,-0.05595308224653085,0.9225323484070989,0.2598762162298487
0.007183561864042867,-0.13063877705136656,0.5980063038260172,0.23737368594904146
-0.27030546070988803,0.029779315366588135,-0.7229606086252356,-0.6143758298379307
-0.39443408626891924,0.0936734815073608,-0.3524426307695049,-0.912674449267234
0.2583871872850531,0.09841379424943779,0.4459220083156949,0.5000116176072988
-0.15559011882336393,0.4089678987938498,-0.8391379652341784,0.6293562643369512
-0.044593750777344815,-0.08730230616686094,-0.263078603545261,-0.3821899147074542
0.22719161845315117,-0.32240823625351644,0.2435846156118129,0.3344692923906104
0.5495242245603345,-0.29207693746731905,0.7256307606576294,0.7377808457767253
0.4820725470999107,-0.05864319139727886,0.7180031831489808,0.852236794948336
0.0223676465439827,0.6654383727765735,-0.13605525948101718,0.9970648714371676
0.13620341838770803,-0.08999412258784403,0.33868886573402307,0.2058916075204924
0.04473937196676434,0.014622664070811196,-0.17858638998908188,0.5110890388874878
0.8576413625324478,0.41146394402823877,1.2158644075358653,3.040374296899023
-0.2740587322276637,-0.06548661199983924,-0.8249710573476144,-0.7621415066416051
0.49926308962814003,-0.06257102296850046,0.3631054687272072,0.8720296113631465
-0.20146202820556436,-0.19138294605891892,-0.6387403802989644,-0.56845625897033
-0.07431765655245015,0.17482450395548252,-0.548276275389292,0.43626154885644897
0.03882201112176401,-0.39054375502251043,0.12483506816588244,-0.8368098953896217
0.16002797753799824,0.02031553318964027,0.43069177140068393,0.42931378339646503
0.18105952805722483,0.646220252377279,-0.3372837302201584,1.955555669416699
0.3513983549342901,0.47649206085097645,0.5877785779280393,2.3135242510843854
-0.1837022415033933,0.15859763788048262,-0.25825502828930447,-0.2701881882096516
0.3829462123711649,0.11350212556985942,0.9758386533448327,1.3846796752203894
0.4937022668479861,-0.5282859550594527,0.999141632527714,-0.33724517315509817
-0.3841351260863626,0.10705686354889797,-0.3483147172854673,-0.9330573360249191
0.5092707135451758,-0.11858059660452755,1.1303147502836501,1.589077217489201
0.027817933863516112,0.12085104875209818,0.3408969132337007,0.1541593852704805
-0.1801870897322193,-0.5940604475584557,-0.16435028721352873,-1.729776498086157
0.48869503584863194,0.011362195152096204,0.6132500929135334,1.0639693805068673
-0.24371960481117946,-0.11395260891841319,-0.4431834899221605,-1.5412797387441204
0.08801733168154581,-0.19309809226563873,0.3714886561734637,-0.31278784501565016
-0.01543804416956337,0.2853578232175002,-0.3443002382913032,0.20498415120136915
-0.45936272916133986,-0.2923004350105853,-0.723043098732844,-1.7161570738387737
-0.09866756834947785,-0.01654383011762629,-0.1178343677768221,-1.2432036666062
0.2703003665671536,0.12659440522263674,0.6210266686936967,1.31570786620817
-0.13165768793372898,0.09679946255249791,-0.09737891206877478,-0.32054442980272113
-0.20597040755783644,-0.2878673625596668,-0.4440103117714904,-0.30781583258601597
0.034078622261644764,0.09266240936873855,-0.08476188742779184,0.3122902761994091
0.16763786740889047,-0.06397654562503999,0.44128568045671235,0.2835582014804369
-0.0920425657286892,0.1416855188904034,-0.07889873302951843,-0.44578781201261564
0.8091478087874336,0.4083107322869924,1.0945747665002616,2.913362709973482
0.15199641117804294,0.434692624161608,0.2985427014879011,1.1440788120166951
0.4178532458443976,-0.3919804031307306,0.8968291524728379,0.5161365510827405
-0.16669321072095947,0.032812989335198876,0.11361821258225258,-0.09748145832489397
-0.39423635313748556,-0.3438420348543499,-0.531337931798297,-1.45873583549276
-0.3951729267974103,-0.21141892050161554,-0.2942074312472941,-1.587241931506639
-0.6656215305998076,-0.11689268551282093,-1.6050832873912917,-1.803614259532429
-0.465196928731339,-0.12569966206179894,-0.7739349889102972,-1.6913429058461389
-0.47218090550763836,0.4983232116545916,-0.9321813388178449,0.009460995815778209
0.22062963703411595,0.25501357136602404,0.5645377963733709,0.8806124833426301
0.20861564897593643,-0.2959022351113479,0.5674837249534224,0.05934376864021482
-0.25445977817188303,0.29424795797515996,-0.15849365954019323,0.14756363390371188
-0.18386760107202577,0.0934309820846262,-0.2884851189565009,-0.410970253843128
0.3736943174626355,0.07179687747772864,1.2034591355571753,0.889890122767353
0.3239212514866431,0.2161649431344075,0.4354409119080511,1.5581229909665488
0.15086984309992296,-0.3249654160410855,0.7169480416090036,-0.03735573073163079
0.33220164666360213,-0.5710319208532051,0.748113898194103,-0.13639382472384465
-0.2200687924204052,0.19277748017676047,-0.1762729240843036,-0.07423654769302794
-0.1525044546110796,0.37561201846761566,-0.22314917454306443,0.06800793852414794
0.3364410249967043,-0.36175230901223787,0.35163377950057706,0.0839981546624699
-0.029660522062808538,0.11505396847803868,0.2674947930114486,0.5184155315622283
0.3006344235879631,-0.3596123874415978,0.33845317399061947,-0.07522243733711188
0.19186013125128107,0.06114171463924871,-0.07994822052400752,0.20148634464436244
-0.2150652328270514,-0.10814507708988114,-0.7690362652240086,-0.229052728569064
0.5489315218600422,-0.4629478098185735,1.160461249592757,0.4602642386538601
0.07932124646866595,0.07086072178630272,-0.2584170133268858,-0.10148697749214564
-0.21752610382419588,0.26250186577979573,-0.3099620228650914,0.4332102842258048
0.15013514079661708,-0.28793175315133274,0.40042426631761063,-0.07310395186309401
0.6721912621287163,-0.05617958299296556,1.0303326778551385,1.6193420593769454
0.6831116397762406,-0.4148142941724151,1.358591712556102,0.4061547731226347
0.2950865220813287,-0.8390944678948564,0.4088614198249304,-0.956482053471715
0.25026559125397274,-0.02296259054610142,0.2090936544398655,0.5520660909434255
0.07883338948917766,0.16344350127832902,-0.026997088371961575,0.6804844201355212
-0.03888780233091351,-0.15717159854412138,-0.2865767865210274,-0.7790773953168966
-0.025638279185425134,0.056224257076175524,0.15551887095398348,0.03271669509400185
-0.07916540862666928,0.05371485421223704,-0.7539477909846152,0.11651624496763305
-0.07983807868334945,-0.028888124706453872,-0.4937153687444592,-0.14877040864667554
-0.28844081777978126,-0.155947599601885,-0.33707530595376806,-0.6309983069351519
0.26773306528229257,0.5913359102003615,0.696256844674367,1.7779385571039845
-0.4767142093721607,-0.010264802439964497,-1.3427268769463518,-1.2738122582251397
0.11025676552957984,-0.06820164443664815,-0.29668078048567115,0.17354711412264384
0.10267517103464999,-0.179558142092491,0.27238421828108567,-0.5987552138601231
-0.51947837946792,-0.09627151942234016,-0.3624109085014058,-0.5637937920351787
0.2600952842843941,0.01712167176670424,0.26476758261965355,0.8352126597812404
-0.3511427703642026,-0.4218214934738848,-0.520730635838881,-1.6136591692814195
-0.017935561890845903,0.17047763390723553,0.15026221751714716,0.69865229400936
-0.02111040136112764,0.022349209463481175,-0.16000399842556742,0.11826567465687224
0.2722830067234773,-0.155129328827364,0.21027996630639728,0.1068237517878047
0.15678361029833568,-0.2903893481824869,0.4348500688805272,-0.6874736453237298
0.0160100346697007,0.06878293210466156,-0.18770302320760474,0.41288159228844246
-0.3682162921978058,-0.022799745782592636,-0.5284689762739655,-0.883005678252039
-0.40188288885196916,0.38907093868030007,-0.6107463529480597,-0.4638637482443978
0.09038253813656386,-0.5921077255748097,0.48867705789026183,-0.5234201087024752
0.5363673228125425,-0.09498621839344482,0.7772394813715578,1.2637295498516323
0.34573123180599097,-0.028138253496346455,0.7556552702262386,0.7395149041415353
0.30079194184406943,0.13016540439583277,0.410593820435518,1.1855490037872227
0.4706198507552995,-0.6359830733137195,0.7629615754056028,-0.18047653686025794
0.18113809045085572,0.3631863814756853,0.4374398943816177,0.9626150743464242
-0.17213264947303983,-0.03914487344085305,-0.02163327857196251,-0.062045052977036164
0.49886254060859997,-0.1138752895196177,1.220232170867524,0.8620373250616566
0.7162327077268416,0.4639476838198383,0.6843400457813174,2.413149979325695
-0.5045528627465916,0.23366867258010343,-0.808193695751879,-0.625496218715378
-0.37707783625291713,-0.6631303159523894,-0.6085506054944905,-2.503470394035428
0.06908218117698528,-0.09270009316369325,0.017584593677713214,-0.2979034931963702
0.006076619097474961,0.2566485363986375,0.13911697782448945,0.22744980015963812
-0.09203668907992944,-0.1806775865517882,-0.3017406047973719,-0.4319458182716901
0.4128008196781483,0.19935252900032577,0.6772721611945028,1.2273655669980177
0.34909465364354714,0.14909044629972143,0.05407715082631648,1.0661921994524821
0.19318970171618208,0.34102985482694775,0.04264237385994818,1.588142039378618
-0.3551390251315339,-0.13522426408631366,-0.5522028422312056,-1.145813228299053
-0.3638914536774908,0.21186723744579414,-0.36616239222414515,-0.42300450932941996
0.12575495590642338,-0.45626000031588126,0.2224623304393503,-0.5103033861824678
0.17629013977833113,0.29138241965338535,0.2972696397898377,0.6261908058101501
0.5002259220549415,-0.030027746385749315,0.9126627303086183,0.39561466549440727
-0.5089246378097232,-0.3704576101699707,-0.5336027046437171,-1.9181763650683274
-0.025205942311472173,-0.13799201942656517,-0.3812747133207321,0.007909204503090128
0.4254176671160717,0.017099119167213437,0.7193101239110347,0.9219803586697882
-0.006263821729853121,0.024192404992657915,-0.03571419208943171,0.17875753966395386
-0.25230206736484834,0.12414714796910631,-0.29816878143777326,-0.657648770578849
